                  epoch,         train/box_loss,         train/seg_loss,         train/cls_loss,         train/dfl_loss,   metrics/precision(B),      metrics/recall(B),       metrics/mAP50(B),    metrics/mAP50-95(B),   metrics/precision(M),      metrics/recall(M),       metrics/mAP50(M),    metrics/mAP50-95(M),           val/box_loss,           val/seg_loss,           val/cls_loss,           val/dfl_loss,                 lr/pg0,                 lr/pg1,                 lr/pg2
                      1,                0.92115,                 2.0158,                 2.8192,                  1.181,                0.45815,                0.30492,                0.26342,                 0.2064,                0.45326,                0.30156,                0.26009,                 0.1914,                0.80406,                 1.6428,                 1.6551,                 1.0985,              0.0033264,              0.0033264,              0.0033264
                      2,                0.83483,                 1.6737,                 1.8012,                  1.083,                0.47232,                0.31162,                0.27852,                 0.2116,                0.47032,                0.31051,                0.27509,                0.19861,                0.87707,                 1.7205,                 1.6058,                 1.1324,              0.0066268,              0.0066268,              0.0066268
                      3,                0.91276,                 1.8076,                 1.7641,                 1.1254,                0.42558,                0.28945,                0.24723,                0.17781,                0.42352,                0.28672,                0.24388,                0.16578,                 1.0375,                  2.085,                 1.7823,                 1.2359,              0.0098941,              0.0098941,              0.0098941
                      4,                0.99692,                  1.949,                 1.8258,                 1.1795,                0.40915,                0.30175,                0.25353,                0.18513,                0.40362,                0.30091,                0.24893,                0.17175,                 1.0401,                 2.0602,                 1.7382,                 1.2435,              0.0098515,              0.0098515,              0.0098515
                      5,                0.97464,                 1.8841,                 1.7225,                 1.1581,                0.42819,                0.33671,                0.29281,                0.21638,                0.42687,                0.33456,                0.29085,                 0.2023,                0.96766,                  1.896,                  1.606,                 1.1808,               0.009802,               0.009802,               0.009802
                      6,                 0.9525,                 1.8275,                 1.6722,                  1.148,                0.44508,                0.32779,                0.29392,                0.21974,                0.44294,                0.32706,                0.29054,                0.20687,                0.94845,                 1.8465,                 1.5955,                 1.1781,              0.0097525,              0.0097525,              0.0097525
                      7,                0.92785,                 1.7692,                 1.6155,                 1.1337,                0.44842,                0.35114,                0.31051,                0.23309,                0.44952,                0.35271,                0.30805,                0.21863,                0.94699,                 1.8331,                 1.5293,                 1.1617,               0.009703,               0.009703,               0.009703
                      8,                0.91162,                  1.713,                 1.5762,                 1.1198,                 0.3941,                0.35497,                0.31562,                0.23557,                0.39802,                0.35107,                0.31228,                0.22195,                0.92121,                 1.7892,                 1.4779,                 1.1541,              0.0096535,              0.0096535,              0.0096535
                      9,                0.88343,                 1.6733,                 1.5139,                 1.0991,                0.42224,                0.37238,                0.32142,                0.24413,                 0.4176,                0.36192,                0.31797,                0.23186,                0.89493,                 1.7321,                  1.429,                 1.1377,               0.009604,               0.009604,               0.009604
                     10,                0.86969,                  1.632,                 1.4881,                 1.0924,                0.45119,                0.37871,                0.34251,                0.26073,                0.45199,                  0.377,                0.34085,                0.24734,                0.87823,                 1.6781,                 1.4077,                 1.1168,              0.0095545,              0.0095545,              0.0095545
                     11,                 0.8554,                  1.609,                 1.4482,                 1.0826,                0.43972,                0.39155,                0.33747,                0.25965,                0.44007,                0.39119,                0.33453,                0.24527,                 0.8713,                 1.6897,                 1.4399,                  1.117,               0.009505,               0.009505,               0.009505
                     12,                0.84075,                 1.5854,                  1.423,                  1.075,                0.47451,                0.37484,                0.34129,                 0.2619,                0.47435,                 0.3723,                0.33881,                0.24752,                0.86469,                 1.6344,                  1.382,                 1.1187,              0.0094555,              0.0094555,              0.0094555
                     13,                 0.8299,                 1.5458,                 1.3901,                 1.0662,                0.46414,                0.40047,                0.35579,                0.27464,                0.46284,                0.39906,                0.35332,                0.26131,                0.85673,                 1.6308,                 1.3743,                 1.1111,               0.009406,               0.009406,               0.009406
                     14,                0.81981,                 1.5116,                 1.3704,                 1.0593,                0.41543,                0.42072,                0.36342,                0.28425,                 0.4131,                0.41884,                0.36111,                0.26963,                0.82351,                 1.5729,                 1.3301,                 1.0914,              0.0093565,              0.0093565,              0.0093565
                     15,                0.81135,                 1.5022,                 1.3492,                 1.0571,                0.50397,                0.39611,                0.36463,                0.28238,                0.53075,                0.38195,                 0.3606,                0.26848,                0.83014,                 1.6119,                 1.3409,                 1.0939,               0.009307,               0.009307,               0.009307
                     16,                0.80006,                 1.4763,                 1.3329,                 1.0468,                0.41176,                0.40994,                0.36917,                0.28976,                0.41575,                0.40664,                0.36704,                0.27396,                0.82175,                 1.5723,                 1.3324,                 1.0896,              0.0092575,              0.0092575,              0.0092575
                     17,                0.79178,                 1.4598,                 1.3075,                 1.0419,                0.44373,                0.40719,                0.36769,                 0.2882,                0.44954,                0.40343,                0.36647,                0.27174,                0.83494,                 1.5976,                 1.2996,                 1.0858,               0.009208,               0.009208,               0.009208
                     18,                0.78358,                 1.4369,                 1.2805,                 1.0337,                0.47031,                0.39396,                 0.3665,                0.28706,                0.47235,                0.39273,                0.36459,                0.27068,                 0.8127,                 1.5937,                 1.3153,                 1.0754,              0.0091585,              0.0091585,              0.0091585
                     19,                0.77704,                 1.4175,                 1.2624,                 1.0326,                0.44371,                0.41458,                0.37238,                0.28982,                0.44886,                0.40876,                 0.3686,                0.27467,                0.79868,                 1.5216,                 1.2886,                 1.0692,               0.009109,               0.009109,               0.009109
                     20,                 0.7748,                 1.4171,                 1.2555,                 1.0287,                0.42837,                0.42027,                0.37452,                0.29078,                0.42926,                0.41877,                0.37116,                0.27712,                0.81167,                 1.5225,                 1.2863,                 1.0777,              0.0090595,              0.0090595,              0.0090595
                     21,                0.75892,                 1.3797,                 1.2231,                 1.0219,                0.46081,                0.41562,                0.37616,                0.29323,                0.46402,                0.40931,                0.37064,                0.27537,                0.80487,                  1.521,                  1.282,                 1.0688,                0.00901,                0.00901,                0.00901
                     22,                0.75925,                 1.3816,                 1.2179,                 1.0196,                0.45675,                0.42586,                 0.3955,                0.31257,                0.46272,                0.41992,                0.39186,                0.29449,                0.79421,                 1.5129,                 1.2566,                  1.071,              0.0089605,              0.0089605,              0.0089605
                     23,                0.74741,                 1.3694,                 1.1943,                 1.0096,                0.46804,                0.43586,                 0.3974,                0.31483,                0.46856,                0.43332,                0.39309,                0.29729,                0.79426,                 1.5201,                 1.2393,                 1.0633,               0.008911,               0.008911,               0.008911
                     24,                0.73915,                 1.3469,                 1.1831,                 1.0106,                0.46644,                0.41687,                0.39531,                0.31443,                0.46392,                0.41499,                0.39126,                0.29511,                0.78173,                 1.5165,                 1.2466,                 1.0585,              0.0088615,              0.0088615,              0.0088615
                     25,                0.73239,                 1.3201,                 1.1647,                 1.0033,                 0.4676,                0.43167,                0.38939,                0.30914,                0.46428,                0.43063,                0.38456,                0.29146,                 0.7765,                 1.4803,                 1.2406,                 1.0523,               0.008812,               0.008812,               0.008812
                     26,                0.73395,                 1.3356,                 1.1635,                 1.0053,                0.49939,                0.41024,                0.38164,                0.30193,                0.49787,                0.41086,                0.37987,                 0.2859,                0.78267,                 1.5093,                 1.2489,                 1.0556,              0.0087625,              0.0087625,              0.0087625
                     27,                0.72363,                 1.3111,                 1.1362,                0.99929,                0.47286,                0.43209,                0.40456,                0.32568,                0.47033,                0.43042,                0.40056,                0.30703,                0.76784,                 1.4862,                 1.2286,                 1.0473,               0.008713,               0.008713,               0.008713
                     28,                0.71942,                 1.2962,                 1.1207,                0.99499,                0.50713,                 0.4274,                0.39358,                0.31554,                0.51419,                0.42515,                0.39228,                0.29621,                 0.7766,                 1.4853,                 1.2261,                 1.0571,              0.0086635,              0.0086635,              0.0086635
                     29,                0.71728,                 1.2904,                 1.1046,                0.99283,                0.47341,                0.42179,                0.38573,                0.30504,                0.46942,                0.41889,                0.38353,                 0.2898,                0.77953,                 1.4704,                 1.2391,                 1.0602,               0.008614,               0.008614,               0.008614
                     30,                0.70902,                 1.2779,                 1.0968,                0.98823,                0.48392,                0.41543,                 0.3963,                0.31063,                0.48484,                0.41472,                0.39312,                0.29342,                0.77148,                 1.4912,                 1.2194,                 1.0501,              0.0085645,              0.0085645,              0.0085645
                     31,                0.70787,                  1.267,                 1.0837,                0.99028,                0.46646,                0.43262,                0.39018,                0.30969,                0.46503,                0.43117,                0.38467,                0.29207,                0.76895,                 1.4754,                 1.2111,                 1.0531,               0.008515,               0.008515,               0.008515
                     32,                0.70297,                 1.2557,                 1.0744,                0.98471,                0.46366,                0.44824,                0.40351,                0.32358,                0.46287,                0.44751,                0.40063,                0.30767,                0.75572,                 1.4693,                 1.2105,                 1.0473,              0.0084655,              0.0084655,              0.0084655
                     33,                0.69898,                 1.2543,                 1.0613,                0.98384,                0.47251,                0.42116,                0.39649,                0.31808,                  0.475,                0.42086,                0.39472,                0.29982,                0.75911,                 1.4735,                 1.2127,                 1.0478,               0.008416,               0.008416,               0.008416
                     34,                 0.6924,                 1.2385,                  1.039,                0.97679,                0.46937,                0.44443,                0.41042,                0.33111,                0.46632,                0.44167,                 0.4051,                0.31244,                0.75665,                 1.4853,                 1.2051,                 1.0438,              0.0083665,              0.0083665,              0.0083665
                     35,                0.68723,                 1.2241,                 1.0252,                0.97225,                 0.4604,                0.44638,                0.41006,                0.33046,                0.45682,                0.44315,                0.40539,                0.31102,                0.76372,                 1.5037,                 1.2135,                  1.055,               0.008317,               0.008317,               0.008317
                     36,                0.68458,                 1.2127,                 1.0249,                0.97186,                0.49233,                0.41644,                0.40272,                0.32584,                0.49199,                0.41591,                0.39963,                0.30745,                0.75647,                 1.4724,                 1.2173,                 1.0464,              0.0082675,              0.0082675,              0.0082675
                     37,                0.68411,                 1.2218,                 1.0095,                0.96927,                0.46905,                0.43335,                0.40318,                0.32015,                 0.4631,                0.42837,                0.39692,                0.30163,                0.74695,                  1.456,                 1.1952,                 1.0442,               0.008218,               0.008218,               0.008218
                     38,                0.67575,                  1.201,                 1.0035,                0.96761,                0.50351,                0.43267,                0.40735,                0.32756,                0.49973,                0.42925,                0.40171,                0.30945,                 0.7479,                 1.4502,                 1.1983,                 1.0405,              0.0081685,              0.0081685,              0.0081685
                     39,                0.66887,                 1.1955,                0.97879,                0.96293,                0.45574,                0.46148,                0.40867,                0.33094,                0.45474,                 0.4595,                0.40578,                0.31171,                0.74181,                 1.4574,                  1.196,                 1.0374,               0.008119,               0.008119,               0.008119
                     40,                   0.67,                 1.1755,                0.96992,                0.96356,                0.46515,                0.44365,                0.40964,                0.33125,                0.46357,                0.44211,                0.40578,                0.31052,                0.75264,                 1.4635,                 1.1948,                 1.0423,              0.0080695,              0.0080695,              0.0080695
                     41,                0.66427,                 1.1784,                0.96473,                0.96229,                0.48548,                0.44462,                0.41314,                0.33367,                0.48438,                0.44487,                0.40997,                0.31528,                0.74804,                 1.4504,                 1.1913,                  1.047,                0.00802,                0.00802,                0.00802
                     42,                0.65668,                 1.1777,                0.96038,                0.95644,                0.44444,                0.45621,                0.40181,                0.32602,                0.44055,                 0.4551,                 0.3985,                0.30654,                0.74885,                 1.4606,                 1.1911,                 1.0406,              0.0079705,              0.0079705,              0.0079705
                     43,                0.65738,                 1.1633,                0.95291,                0.95734,                0.48812,                 0.4419,                0.41027,                0.32884,                0.48867,                0.43847,                 0.4064,                 0.3109,                0.74303,                 1.4622,                 1.2068,                 1.0402,               0.007921,               0.007921,               0.007921
                     44,                0.65509,                   1.16,                0.93568,                0.95454,                0.52472,                0.43455,                 0.4157,                0.33621,                0.52232,                0.43231,                0.41096,                0.31627,                0.74606,                 1.4943,                 1.2046,                 1.0448,              0.0078715,              0.0078715,              0.0078715
                     45,                0.65264,                 1.1554,                   0.93,                0.94927,                0.50097,                0.43352,                0.42359,                 0.3451,                0.50058,                 0.4321,                0.41944,                0.32531,                0.73289,                 1.4624,                 1.1907,                 1.0338,               0.007822,               0.007822,               0.007822
                     46,                0.65271,                 1.1417,                 0.9193,                0.95292,                  0.479,                0.45907,                0.41901,                 0.3397,                 0.4748,                0.45517,                0.41422,                0.31838,                0.74125,                 1.4812,                 1.1923,                 1.0419,              0.0077725,              0.0077725,              0.0077725
                     47,                0.64649,                 1.1363,                0.90737,                0.94835,                0.50453,                0.45007,                0.42474,                0.34709,                0.50848,                0.44102,                0.42151,                 0.3252,                0.73697,                 1.4627,                 1.1988,                 1.0365,               0.007723,               0.007723,               0.007723
                     48,                0.64436,                 1.1272,                0.89243,                 0.9474,                0.48571,                0.44527,                0.40956,                0.33438,                0.48919,                0.44041,                0.40672,                 0.3141,                0.73061,                 1.4775,                 1.1963,                 1.0378,              0.0076735,              0.0076735,              0.0076735
                     49,                0.63794,                 1.1301,                0.88648,                0.94716,                0.51061,                0.42593,                0.41134,                0.33493,                0.51077,                 0.4246,                0.40808,                0.31628,                 0.7365,                 1.4713,                 1.1973,                 1.0412,               0.007624,               0.007624,               0.007624
                     50,                0.63838,                  1.125,                 0.8782,                0.94401,                0.51415,                0.42872,                 0.4157,                0.33724,                0.48345,                0.45123,                0.41144,                0.31684,                0.72926,                 1.4809,                 1.1948,                  1.034,              0.0075745,              0.0075745,              0.0075745
                     51,                0.63555,                  1.119,                0.87078,                0.94284,                0.50115,                 0.4512,                0.41527,                0.33805,                0.49855,                0.44788,                0.41118,                0.31949,                0.73403,                 1.4818,                  1.215,                 1.0364,               0.007525,               0.007525,               0.007525
                     52,                0.63277,                 1.1077,                0.85974,                0.93969,                0.52123,                0.42852,                0.41517,                0.33766,                 0.5146,                0.43162,                0.41178,                0.32018,                0.73656,                 1.4957,                 1.2117,                 1.0404,              0.0074755,              0.0074755,              0.0074755
                     53,                0.62938,                 1.1082,                0.85573,                0.94063,                0.51305,                0.43881,                0.41168,                0.33697,                0.51303,                0.43808,                0.41071,                0.31764,                0.72702,                 1.4812,                 1.1991,                 1.0346,               0.007426,               0.007426,               0.007426
                     54,                0.62201,                 1.0906,                 0.8475,                0.93735,                0.49563,                0.45267,                0.41919,                0.34356,                0.49531,                 0.4528,                0.41754,                0.32339,                 0.7227,                 1.4791,                 1.1958,                 1.0314,              0.0073765,              0.0073765,              0.0073765
                     55,                0.62359,                  1.099,                 0.8394,                0.93566,                0.50923,                 0.4538,                0.42578,                0.34894,                0.51094,                 0.4524,                0.42341,                0.32864,                0.72442,                 1.4697,                 1.1988,                 1.0309,               0.007327,               0.007327,               0.007327
                     56,                0.61948,                  1.091,                0.82911,                0.93284,                0.49429,                0.43658,                0.41421,                0.33772,                0.49471,                 0.4328,                0.41086,                0.31862,                 0.7241,                 1.4847,                 1.2123,                 1.0314,              0.0072775,              0.0072775,              0.0072775
                     57,                0.61717,                 1.0783,                0.81666,                0.93321,                0.47152,                0.45023,                0.41058,                0.33519,                0.46606,                0.45095,                0.40555,                0.31749,                0.72471,                 1.4831,                 1.2188,                 1.0351,               0.007228,               0.007228,               0.007228
                     58,                0.61384,                 1.0785,                0.81088,                0.93118,                  0.472,                0.45044,                0.41522,                0.34002,                0.47222,                0.44868,                0.41174,                0.31979,                 0.7269,                 1.4824,                 1.2115,                  1.032,              0.0071785,              0.0071785,              0.0071785
                     59,                0.61308,                  1.074,                  0.806,                0.93032,                0.47944,                0.44693,                0.41181,                0.33848,                0.47999,                0.44433,                0.40865,                0.31813,                0.72776,                 1.4794,                 1.2197,                 1.0325,               0.007129,               0.007129,               0.007129
                     60,                0.61568,                 1.0745,                0.80399,                0.92999,                0.49086,                0.45994,                0.42478,                0.35066,                0.49004,                0.45653,                0.42091,                   0.33,                0.71587,                 1.4451,                 1.2109,                  1.023,              0.0070795,              0.0070795,              0.0070795
                     61,                0.60934,                 1.0669,                0.79612,                0.92817,                0.53983,                0.42343,                0.41996,                0.34475,                0.53865,                 0.4225,                0.41678,                0.32358,                0.71516,                 1.4548,                 1.2262,                 1.0229,                0.00703,                0.00703,                0.00703
                     62,                0.60719,                 1.0659,                0.78929,                0.92802,                0.54537,                0.42853,                0.41785,                0.34305,                0.54066,                0.42771,                  0.414,                0.32353,                0.71217,                  1.468,                  1.237,                 1.0237,              0.0069805,              0.0069805,              0.0069805
                     63,                0.60728,                 1.0614,                0.79104,                0.92716,                0.49327,                0.44452,                0.41192,                0.33906,                0.49165,                0.44335,                0.40916,                0.31783,                0.71697,                 1.4738,                 1.2275,                 1.0278,               0.006931,               0.006931,               0.006931
                     64,                0.60157,                 1.0555,                 0.7758,                0.92489,                0.48577,                0.45388,                0.41559,                0.34043,                0.49414,                0.44561,                0.41322,                0.32068,                0.71789,                 1.4714,                 1.2412,                 1.0273,              0.0068815,              0.0068815,              0.0068815
                     65,                0.60128,                 1.0508,                0.76411,                0.92483,                0.48677,                0.45004,                0.41894,                0.34562,                 0.4903,                0.44894,                0.41804,                0.32467,                0.71271,                 1.4653,                  1.237,                 1.0257,               0.006832,               0.006832,               0.006832
                     66,                0.60008,                 1.0477,                0.76105,                0.91996,                 0.4829,                0.46338,                0.42003,                0.34428,                0.48282,                0.46178,                0.41599,                0.32231,                0.71919,                 1.4774,                 1.2363,                 1.0305,              0.0067825,              0.0067825,              0.0067825
                     67,                0.59414,                 1.0367,                 0.7456,                0.91973,                0.48484,                0.45497,                0.41488,                0.33985,                 0.4839,                0.45247,                0.41152,                0.32002,                0.71909,                  1.498,                 1.2448,                 1.0302,               0.006733,               0.006733,               0.006733
                     68,                0.59189,                 1.0349,                0.73909,                0.91845,                0.49404,                0.44423,                0.41201,                0.33881,                0.49361,                0.44232,                0.40817,                0.31751,                0.71839,                 1.4851,                 1.2501,                 1.0275,              0.0066835,              0.0066835,              0.0066835
                     69,                0.58881,                 1.0314,                0.73952,                0.91586,                0.53059,                0.43961,                0.42352,                0.34948,                0.53086,                0.43813,                0.41925,                0.32735,                0.71396,                 1.4781,                  1.239,                 1.0247,               0.006634,               0.006634,               0.006634
                     70,                0.58829,                 1.0209,                0.72863,                0.91629,                0.46393,                0.46728,                0.41711,                0.34441,                  0.467,                0.45493,                0.41199,                0.32338,                0.71142,                 1.4932,                 1.2387,                 1.0285,              0.0065845,              0.0065845,              0.0065845
                     71,                 0.5867,                 1.0208,                0.72701,                0.91573,                0.50513,                0.44894,                 0.4196,                0.34255,                0.50351,                0.44693,                0.41556,                0.32435,                0.71566,                 1.4988,                 1.2548,                 1.0302,               0.006535,               0.006535,               0.006535
                     72,                0.58495,                  1.015,                0.72099,                  0.915,                0.46474,                0.46652,                0.41298,                0.33934,                0.46328,                0.46375,                 0.4091,                0.31899,                0.71378,                 1.4982,                 1.2658,                 1.0275,              0.0064855,              0.0064855,              0.0064855
                     73,                0.58401,                 1.0157,                0.71428,                0.91289,                0.51999,                0.43382,                0.41478,                 0.3396,                0.51825,                0.43232,                0.41115,                0.32175,                0.71739,                 1.4942,                 1.2548,                 1.0295,               0.006436,               0.006436,               0.006436
                     74,                0.58004,                 1.0191,                0.70985,                0.91325,                0.49649,                0.45567,                0.42012,                 0.3465,                0.49845,                0.45401,                0.41572,                0.32667,                0.71275,                 1.4818,                 1.2595,                  1.022,              0.0063865,              0.0063865,              0.0063865
                     75,                0.57866,                 1.0071,                0.70132,                0.91165,                0.48078,                0.46129,                0.42021,                0.34545,                0.53994,                0.42061,                0.41525,                0.32646,                0.71173,                 1.4864,                 1.2546,                 1.0234,               0.006337,               0.006337,               0.006337
                     76,                0.57723,                 1.0043,                 0.7002,                0.91104,                0.50797,                 0.4416,                0.41594,                0.34427,                0.51045,                0.43869,                0.41152,                  0.323,                0.70935,                 1.4799,                 1.2578,                 1.0256,              0.0062875,              0.0062875,              0.0062875
                     77,                0.56998,                0.99588,                0.68699,                0.90688,                0.50568,                0.44077,                0.41674,                0.34351,                0.50433,                0.43892,                0.41364,                0.32282,                0.70355,                 1.4685,                 1.2524,                 1.0224,               0.006238,               0.006238,               0.006238
                     78,                0.57391,                0.99746,                0.68564,                0.90718,                0.52256,                0.42802,                0.41609,                0.34267,                0.52095,                0.42841,                 0.4136,                0.32083,                0.71099,                 1.4865,                 1.2602,                 1.0298,              0.0061885,              0.0061885,              0.0061885
                     79,                0.57273,                0.99637,                0.67563,                0.90699,                0.52713,                0.43362,                0.41572,                0.34305,                0.52646,                0.43302,                0.41326,                0.32181,                0.70745,                 1.4944,                 1.2643,                  1.024,               0.006139,               0.006139,               0.006139
                     80,                0.56633,                0.98917,                0.67643,                0.90467,                 0.4764,                0.46874,                0.41597,                0.34345,                  0.471,                 0.4672,                0.41218,                0.32135,                0.71483,                 1.5015,                 1.2712,                 1.0318,              0.0060895,              0.0060895,              0.0060895
                     81,                0.56818,                0.98127,                0.66949,                 0.9059,                0.48076,                0.46147,                0.41507,                 0.3431,                0.47987,                0.45819,                0.41288,                0.32168,                0.71301,                 1.5179,                 1.2628,                  1.032,                0.00604,                0.00604,                0.00604
                     82,                0.56377,                0.97763,                0.66068,                0.90554,                 0.4929,                0.45427,                0.41291,                0.34115,                0.49257,                0.45164,                0.40827,                0.31877,                0.71102,                 1.5129,                 1.2623,                 1.0342,              0.0059905,              0.0059905,              0.0059905
                     83,                0.56197,                0.97529,                0.65697,                0.90201,                0.52218,                  0.441,                0.42007,                0.34948,                0.52072,                0.43882,                0.41523,                0.32699,                0.70994,                 1.5149,                 1.2624,                 1.0347,               0.005941,               0.005941,               0.005941
                     84,                0.55927,                0.97786,                0.65668,                0.90207,                0.53509,                0.44147,                0.42045,                 0.3489,                0.53511,                0.43548,                  0.416,                0.32776,                0.71023,                 1.5106,                 1.2625,                 1.0326,              0.0058915,              0.0058915,              0.0058915
                     85,                0.55716,                 0.9733,                0.64876,                0.90053,                0.50266,                0.45958,                  0.421,                0.34997,                0.49905,                0.45732,                0.41584,                0.32778,                0.70805,                 1.4943,                 1.2668,                 1.0311,               0.005842,               0.005842,               0.005842
                     86,                 0.5557,                0.97032,                0.64422,                0.89871,                0.50489,                0.44831,                0.41867,                0.34846,                0.53538,                0.42755,                0.41359,                0.32583,                0.70879,                 1.4896,                 1.2719,                 1.0338,              0.0057925,              0.0057925,              0.0057925
                     87,                0.55333,                0.96529,                0.64349,                0.89732,                0.49468,                0.45518,                0.41998,                0.34922,                0.50739,                0.43965,                 0.4161,                0.32749,                0.70839,                 1.4922,                 1.2738,                 1.0323,               0.005743,               0.005743,               0.005743
                     88,                0.55096,                0.95913,                0.63624,                0.89668,                0.51383,                 0.4393,                0.41811,                0.34608,                 0.5698,                0.41179,                 0.4144,                0.32632,                0.70744,                  1.503,                 1.2727,                 1.0322,              0.0056935,              0.0056935,              0.0056935
                     89,                0.54882,                0.95311,                  0.626,                 0.8966,                0.54276,                0.42846,                0.41794,                0.34647,                0.53808,                0.42766,                0.41337,                0.32584,                0.70562,                 1.5181,                  1.277,                 1.0294,               0.005644,               0.005644,               0.005644
                     90,                0.55029,                0.94926,                0.62518,                 0.8962,                0.53308,                0.42237,                0.41706,                0.34707,                0.56271,                0.40773,                0.41384,                0.32569,                0.70472,                 1.5175,                 1.2893,                 1.0267,              0.0055945,              0.0055945,              0.0055945
                     91,                0.55258,                0.95538,                0.62901,                0.89729,                0.51466,                0.43778,                0.41814,                0.34757,                0.51232,                0.43601,                0.41489,                0.32667,                0.70257,                 1.5157,                   1.29,                 1.0245,               0.005545,               0.005545,               0.005545
                     92,                0.54657,                0.95427,                 0.6202,                0.89715,                0.50314,                0.45246,                0.41456,                0.34367,                0.49769,                0.44784,                0.41004,                0.32294,                0.70354,                 1.5198,                 1.2945,                 1.0251,              0.0054955,              0.0054955,              0.0054955
                     93,                 0.5453,                0.94596,                 0.6097,                0.89434,                0.53956,                 0.4283,                0.41206,                0.34147,                0.53668,                0.42527,                0.40777,                0.32077,                 0.7046,                 1.5229,                 1.3028,                 1.0262,               0.005446,               0.005446,               0.005446
                     94,                0.53843,                0.93825,                0.61152,                0.89228,                0.50464,                0.43283,                0.41173,                0.34097,                0.50613,                 0.4317,                 0.4085,                0.32077,                0.70387,                 1.5269,                 1.3024,                 1.0243,              0.0053965,              0.0053965,              0.0053965
                     95,                0.54122,                0.94109,                0.61432,                0.89413,                 0.5287,                0.42708,                0.41393,                0.34248,                0.53286,                0.42172,                0.40932,                0.32164,                0.70477,                 1.5319,                 1.3062,                 1.0271,               0.005347,               0.005347,               0.005347
                     96,                0.53931,                0.93283,                0.60097,                0.89127,                0.53098,                0.42421,                 0.4144,                0.34256,                0.50313,                0.43332,                0.40933,                0.32198,                0.70476,                 1.5424,                 1.3074,                 1.0278,              0.0052975,              0.0052975,              0.0052975
                     97,                0.53839,                 0.9297,                0.60197,                0.89348,                0.52408,                 0.4292,                 0.4143,                0.34293,                0.52758,                0.43133,                0.41095,                0.32415,                0.70369,                 1.5374,                 1.3077,                 1.0268,               0.005248,               0.005248,               0.005248
                     98,                0.51551,                0.89738,                0.55479,                0.88219,                0.51077,                0.43378,                0.41426,                0.34264,                0.51391,                0.43677,                0.41126,                0.32303,                 0.7048,                 1.5495,                 1.3183,                 1.0279,              0.0051985,              0.0051985,              0.0051985
                     99,                0.52986,                0.91881,                0.58466,                0.89085,                0.52792,                0.43367,                0.41428,                0.34287,                0.52841,                0.43726,                0.41215,                0.32423,                0.70128,                 1.5351,                 1.3166,                 1.0261,               0.005149,               0.005149,               0.005149
                    100,                0.52732,                 0.9209,                0.58517,                 0.8884,                0.51475,                0.43649,                0.41516,                0.34438,                0.51377,                0.43524,                0.41208,                0.32484,                0.70261,                 1.5387,                 1.3194,                  1.026,              0.0050995,              0.0050995,              0.0050995
                    101,                0.52199,                 0.9104,                0.58114,                0.88684,                0.48385,                0.45898,                0.41734,                0.34736,                0.48326,                0.45856,                0.41468,                0.32733,                0.70024,                 1.5272,                  1.316,                 1.0236,                0.00505,                0.00505,                0.00505
                    102,                0.52348,                0.91251,                0.56991,                0.88616,                0.50372,                0.44658,                0.41615,                0.34618,                0.50047,                0.44533,                 0.4134,                0.32686,                0.69939,                 1.5314,                 1.3246,                 1.0225,              0.0050005,              0.0050005,              0.0050005
                    103,                0.52495,                0.91066,                 0.5785,                0.88725,                0.55909,                0.41792,                0.41657,                0.34589,                0.55537,                 0.4181,                0.41402,                0.32726,                  0.699,                 1.5323,                 1.3253,                 1.0225,               0.004951,               0.004951,               0.004951
                    104,                0.52377,                0.91288,                0.57572,                0.88841,                0.54081,                0.43081,                0.41619,                 0.3465,                0.53947,                0.42983,                0.41347,                0.32691,                0.69801,                 1.5311,                 1.3275,                 1.0222,              0.0049015,              0.0049015,              0.0049015
                    105,                 0.5215,                0.90044,                0.56993,                0.88363,                0.51075,                0.43965,                0.41584,                0.34609,                0.51854,                0.43606,                0.41225,                0.32623,                0.69955,                 1.5277,                 1.3309,                  1.024,               0.004852,               0.004852,               0.004852
                    106,                0.51803,                0.90247,                 0.5652,                0.88254,                0.50173,                0.45044,                0.41657,                0.34661,                0.50346,                0.44751,                0.41292,                0.32633,                0.69995,                 1.5323,                 1.3379,                 1.0244,              0.0048025,              0.0048025,              0.0048025
                    107,                0.51857,                0.89981,                0.56567,                0.88354,                0.52099,                0.44381,                 0.4172,                0.34734,                0.52876,                0.43564,                0.41333,                0.32646,                0.70112,                 1.5385,                 1.3379,                 1.0253,               0.004753,               0.004753,               0.004753
                    108,                 0.5143,                0.89298,                0.55523,                0.88184,                 0.5207,                0.43903,                 0.4157,                 0.3462,                0.51945,                0.43741,                0.41204,                0.32545,                0.70287,                 1.5436,                 1.3386,                 1.0277,              0.0047035,              0.0047035,              0.0047035
                    109,                0.51228,                0.89698,                 0.5574,                0.88188,                0.50987,                0.44538,                0.41431,                0.34467,                0.50804,                0.44392,                0.41063,                0.32383,                0.70306,                 1.5459,                 1.3435,                 1.0274,               0.004654,               0.004654,               0.004654
                    110,                0.51272,                0.89009,                0.54899,                0.88081,                0.52081,                0.44352,                0.41458,                0.34462,                0.51845,                0.44169,                0.41059,                0.32358,                0.70502,                  1.556,                 1.3466,                 1.0298,              0.0046045,              0.0046045,              0.0046045
                    111,                0.51059,                0.88354,                0.54767,                0.88048,                0.53016,                0.43413,                0.41256,                 0.3431,                0.52876,                0.43194,                0.40905,                0.32247,                 0.7061,                 1.5519,                 1.3469,                 1.0312,               0.004555,               0.004555,               0.004555
                    112,                0.50694,                0.88146,                0.54202,                0.88039,                0.53608,                0.43124,                0.41266,                0.34185,                0.54868,                0.42203,                0.40832,                 0.3214,                0.70601,                 1.5571,                 1.3511,                 1.0313,              0.0045055,              0.0045055,              0.0045055
                    113,                0.50509,                0.87968,                0.54224,                0.88029,                0.54612,                0.42503,                0.41255,                0.34215,                0.54678,                0.42204,                0.40766,                0.32185,                0.70676,                  1.569,                 1.3514,                 1.0334,               0.004456,               0.004456,               0.004456
                    114,                0.45837,                0.78194,                0.44184,                 0.8601,                0.54343,                 0.4254,                 0.4114,                0.34136,                0.54847,                0.42109,                0.40667,                0.32116,                0.70783,                 1.5704,                 1.3638,                 1.0343,              0.0044065,              0.0044065,              0.0044065
                    115,                0.47433,                 0.8014,                0.46617,                0.86646,                0.54712,                0.42366,                  0.411,                0.34158,                0.54952,                0.41647,                0.40636,                0.32124,                0.70834,                 1.5696,                 1.3745,                  1.034,               0.004357,               0.004357,               0.004357
                    116,                0.47265,                 0.8058,                0.47535,                0.86587,                0.54859,                0.42076,                 0.4098,                0.34047,                0.55417,                0.41444,                0.40529,                0.32007,                0.70901,                 1.5808,                 1.3791,                 1.0343,              0.0043075,              0.0043075,              0.0043075
                    117,                0.47067,                0.80406,                0.47353,                0.86595,                0.54253,                0.42308,                0.40931,                0.33973,                0.55403,                0.41553,                0.40513,                0.31964,                0.71076,                 1.5887,                 1.3856,                 1.0351,               0.004258,               0.004258,               0.004258
                    118,                0.47098,                0.80529,                0.46713,                0.86378,                0.54003,                0.42488,                 0.4082,                0.33874,                  0.543,                0.41914,                0.40347,                0.31889,                0.71272,                 1.5948,                 1.3888,                 1.0358,              0.0042085,              0.0042085,              0.0042085
                    119,                0.47578,                0.80766,                0.47649,                0.86714,                0.53513,                0.42644,                0.40791,                 0.3386,                0.53809,                0.42077,                0.40337,                0.31896,                0.71323,                 1.5996,                 1.3893,                  1.036,               0.004159,               0.004159,               0.004159
                    120,                0.47618,                0.81518,                0.47855,                0.86764,                0.51415,                0.43643,                0.40854,                0.33977,                0.51249,                0.43406,                0.40485,                0.31984,                0.71308,                 1.6034,                  1.392,                 1.0363,              0.0041095,              0.0041095,              0.0041095
                    121,                0.47323,                0.80584,                0.47644,                 0.8649,                0.51407,                0.43415,                0.40905,                 0.3408,                0.51136,                0.43143,                0.40526,                0.32039,                0.71347,                 1.5999,                 1.3951,                 1.0368,                0.00406,                0.00406,                0.00406
                    122,                0.47556,                0.81544,                0.47812,                0.86533,                0.50635,                0.43845,                0.40785,                 0.3396,                0.50361,                0.43557,                0.40391,                0.31934,                0.71352,                 1.6067,                 1.4001,                 1.0376,              0.0040105,              0.0040105,              0.0040105
                    123,                0.47547,                0.81733,                0.48461,                0.86609,                0.51679,                0.43209,                0.40752,                0.33864,                0.51379,                0.42826,                 0.4028,                0.31843,                0.71338,                 1.6161,                 1.4018,                 1.0376,               0.003961,               0.003961,               0.003961
                    124,                0.47499,                0.81513,                0.47834,                0.86639,                 0.5148,                0.43585,                0.40721,                0.33842,                0.51252,                0.43259,                0.40319,                0.31836,                0.71316,                 1.6189,                 1.4028,                 1.0373,              0.0039115,              0.0039115,              0.0039115
                    125,                 0.4763,                0.82466,                0.48802,                0.86772,                0.51933,                0.42961,                0.40398,                 0.3359,                0.51695,                0.42707,                0.40033,                0.31591,                 0.7138,                 1.6157,                 1.4039,                 1.0386,               0.003862,               0.003862,               0.003862
                    126,                0.47921,                0.82583,                0.48585,                 0.8685,                0.52067,                0.42957,                0.40452,                0.33654,                0.51831,                0.42688,                0.40061,                0.31651,                0.71376,                 1.6212,                 1.4039,                 1.0379,              0.0038125,              0.0038125,              0.0038125
                    127,                0.48053,                0.82697,                0.49358,                0.86981,                0.51094,                  0.435,                0.40404,                0.33565,                0.51069,                0.43134,                0.40012,                0.31563,                0.71324,                 1.6202,                 1.4045,                 1.0388,               0.003763,               0.003763,               0.003763
                    128,                0.48049,                0.83513,                0.49322,                 0.8706,                0.51235,                0.43212,                0.40404,                0.33552,                0.51094,                0.42945,                 0.4001,                0.31559,                0.71258,                 1.6256,                  1.405,                 1.0383,              0.0037135,              0.0037135,              0.0037135
                    129,                0.48103,                0.83409,                0.49687,                0.86901,                 0.5192,                0.42722,                0.40435,                0.33571,                0.51699,                0.42509,                0.40047,                0.31593,                0.71229,                 1.6243,                 1.4038,                 1.0381,               0.003664,               0.003664,               0.003664
                    130,                0.48404,                0.84036,                0.49705,                0.87199,                0.50085,                0.43288,                0.40446,                0.33576,                0.50221,                0.42893,                0.40025,                  0.316,                0.71221,                 1.6235,                 1.4032,                 1.0381,              0.0036145,              0.0036145,              0.0036145
                    131,                0.48285,                0.83495,                0.49418,                0.86872,                0.50497,                0.43587,                0.40539,                0.33623,                0.50206,                0.43172,                0.40098,                0.31619,                0.71192,                 1.6163,                 1.4018,                 1.0379,               0.003565,               0.003565,               0.003565
                    132,                0.48113,                0.83915,                0.49356,                0.86979,                 0.4984,                0.44083,                0.40544,                0.33625,                0.49613,                0.43818,                0.40072,                0.31614,                0.71142,                 1.6118,                 1.4007,                 1.0381,              0.0035155,              0.0035155,              0.0035155
                    133,                0.41317,                0.70347,                 0.3684,                0.84657,                0.49757,                 0.4408,                0.40475,                0.33566,                0.49587,                0.43767,                    0.4,                0.31578,                 0.7117,                 1.6224,                 1.4081,                 1.0385,               0.003466,               0.003466,               0.003466
                    134,                0.43049,                0.72429,                0.39131,                0.85216,                0.49482,                0.44037,                0.40424,                0.33533,                0.49558,                0.43607,                 0.3996,                0.31517,                0.71226,                 1.6348,                 1.4149,                 1.0391,              0.0034165,              0.0034165,              0.0034165
                    135,                0.43216,                  0.732,                0.40231,                0.85216,                0.53822,                0.41625,                0.40352,                0.33523,                0.53608,                0.41449,                0.39938,                0.31487,                0.71234,                 1.6398,                 1.4168,                 1.0392,               0.003367,               0.003367,               0.003367
                    136,                0.43142,                0.73167,                0.39937,                0.85114,                0.54368,                 0.4151,                0.40365,                0.33526,                0.54004,                0.41227,                0.39876,                0.31495,                0.71318,                 1.6458,                 1.4213,                 1.0401,              0.0033175,              0.0033175,              0.0033175
                    137,                0.43285,                0.73702,                0.40085,                0.85094,                0.53633,                0.41786,                0.40304,                0.33497,                0.53227,                0.41467,                0.39805,                0.31458,                0.71273,                 1.6509,                 1.4259,                 1.0398,               0.003268,               0.003268,               0.003268
                    138,                0.43763,                0.74049,                0.40816,                0.85253,                0.53186,                 0.4209,                0.40295,                0.33426,                0.53077,                0.41673,                0.39761,                0.31415,                0.71301,                 1.6548,                 1.4293,                 1.0397,              0.0032185,              0.0032185,              0.0032185
                    139,                0.43977,                0.74701,                0.41061,                 0.8536,                0.53283,                0.42188,                0.40291,                0.33454,                0.52811,                0.41864,                0.39742,                 0.3143,                0.71322,                 1.6585,                 1.4325,                 1.0398,               0.003169,               0.003169,               0.003169
                    140,                 0.4388,                0.74449,                0.41388,                0.85249,                0.53792,                0.41993,                0.40236,                0.33405,                0.53336,                0.41642,                0.39692,                0.31381,                0.71345,                 1.6644,                 1.4348,                 1.0401,              0.0031195,              0.0031195,              0.0031195
                    141,                0.44101,                0.75427,                 0.4164,                0.85334,                0.53794,                0.41367,                0.40154,                0.33341,                 0.5333,                0.41054,                0.39601,                0.31335,                0.71336,                  1.669,                  1.435,                 1.0402,                0.00307,                0.00307,                0.00307
                    142,                0.44244,                0.75747,                0.42434,                0.85442,                0.53721,                0.41479,                0.40121,                0.33276,                 0.5332,                 0.4117,                0.39563,                0.31285,                0.71381,                 1.6707,                 1.4372,                 1.0404,              0.0030205,              0.0030205,              0.0030205
                    143,                0.44281,                0.75837,                0.42037,                0.85427,                0.53657,                 0.4134,                0.40092,                0.33298,                 0.5332,                0.41078,                0.39557,                0.31275,                 0.7142,                 1.6754,                 1.4398,                 1.0408,               0.002971,               0.002971,               0.002971
                    144,                0.44438,                0.76863,                0.43104,                0.85544,                0.53788,                0.41283,                0.40089,                0.33269,                0.53429,                0.41005,                0.39537,                0.31261,                0.71414,                 1.6766,                 1.4429,                 1.0403,              0.0029215,              0.0029215,              0.0029215
                    145,                0.44879,                0.77231,                0.43219,                0.85746,                0.53901,                0.41299,                0.40039,                0.33224,                0.53545,                0.40958,                0.39465,                0.31201,                0.71452,                 1.6785,                 1.4463,                 1.0408,               0.002872,               0.002872,               0.002872
                    146,                0.45017,                0.77791,                0.43944,                0.85818,                0.54046,                0.41328,                0.40034,                0.33224,                0.53674,                0.41009,                0.39456,                0.31209,                0.71483,                 1.6788,                 1.4488,                 1.0412,              0.0028225,              0.0028225,              0.0028225
                    147,                0.45131,                0.78275,                0.44248,                0.85831,                0.52714,                0.42207,                0.40062,                0.33258,                0.52268,                0.41884,                0.39491,                0.31249,                0.71478,                 1.6789,                  1.451,                 1.0412,               0.002773,               0.002773,               0.002773
                    148,                0.45334,                0.78841,                0.44806,                0.85915,                0.53239,                0.42063,                0.40076,                 0.3326,                0.52746,                0.41797,                0.39523,                0.31249,                0.71455,                 1.6802,                 1.4513,                 1.0411,              0.0027235,              0.0027235,              0.0027235
                    149,                0.45743,                 0.7953,                0.45239,                0.86133,                0.54197,                0.41375,                0.40032,                0.33264,                0.54062,                0.41064,                 0.3953,                0.31244,                0.71432,                 1.6789,                   1.45,                 1.0408,               0.002674,               0.002674,               0.002674
                    150,                0.45715,                0.79592,                0.45161,                 0.8594,                0.53314,                0.42022,                0.40113,                0.33299,                0.52895,                0.41692,                0.39574,                  0.313,                0.71437,                 1.6762,                   1.45,                 1.0409,              0.0026245,              0.0026245,              0.0026245
                    151,                0.45395,                0.79434,                0.44658,                0.85992,                0.53019,                0.42089,                0.40092,                0.33268,                 0.5264,                0.41754,                0.39573,                0.31297,                0.71424,                 1.6797,                 1.4506,                 1.0408,               0.002575,               0.002575,               0.002575
                    152,                 0.4577,                0.80148,                 0.4511,                0.86101,                0.52556,                0.42261,                0.40122,                0.33304,                0.52236,                0.41965,                0.39606,                0.31304,                0.71341,                 1.6786,                 1.4501,                 1.0404,              0.0025255,              0.0025255,              0.0025255
                    153,                 0.4519,                 0.7918,                0.44673,                0.85997,                0.52834,                0.42258,                0.40139,                0.33331,                0.52483,                0.41968,                0.39625,                0.31338,                0.71327,                 1.6795,                 1.4497,                 1.0404,               0.002476,               0.002476,               0.002476
                    154,                0.45373,                0.79736,                 0.4458,                0.86107,                0.52807,                0.42291,                0.40128,                0.33342,                0.52404,                0.41965,                0.39598,                0.31319,                0.71299,                 1.6802,                 1.4493,                 1.0404,              0.0024265,              0.0024265,              0.0024265
                    155,                0.44995,                0.79244,                0.44324,                0.85767,                0.53302,                0.42279,                0.40118,                0.33327,                0.52947,                0.41974,                0.39643,                0.31316,                0.71284,                 1.6781,                 1.4503,                   1.04,               0.002377,               0.002377,               0.002377
                    156,                0.44772,                0.78695,                0.44191,                0.85804,                0.53376,                  0.423,                0.40148,                 0.3336,                0.53035,                0.42035,                0.39682,                0.31346,                0.71276,                 1.6769,                 1.4507,                   1.04,              0.0023275,              0.0023275,              0.0023275
                    157,                0.44238,                0.77817,                0.43808,                0.85445,                0.53366,                0.42284,                0.40174,                0.33412,                0.53018,                0.42054,                0.39713,                0.31362,                0.71301,                  1.676,                 1.4511,                 1.0399,               0.002278,               0.002278,               0.002278
                    158,                0.44811,                0.78559,                0.43988,                0.85974,                0.53457,                0.42269,                0.40183,                0.33401,                0.53103,                0.41996,                0.39699,                0.31361,                0.71306,                 1.6737,                 1.4508,                 1.0401,              0.0022285,              0.0022285,              0.0022285
                    159,                0.44252,                0.77734,                0.43306,                  0.858,                 0.5357,                0.42235,                0.40229,                 0.3343,                0.53141,                0.41901,                0.39692,                0.31398,                0.71286,                  1.666,                 1.4513,                   1.04,               0.002179,               0.002179,               0.002179
                    160,                0.43993,                0.77372,                0.42578,                0.85523,                0.53529,                0.42212,                0.40228,                0.33425,                0.53124,                0.41902,                 0.3971,                0.31385,                 0.7122,                 1.6675,                 1.4511,                 1.0396,              0.0021295,              0.0021295,              0.0021295
                    161,                0.44081,                0.77425,                0.42674,                0.85477,                0.53567,                0.42061,                0.40224,                0.33467,                 0.5312,                0.41721,                0.39698,                0.31407,                0.71241,                 1.6665,                 1.4518,                 1.0399,                0.00208,                0.00208,                0.00208
                    162,                0.43882,                0.76971,                0.42379,                 0.8533,                0.53524,                0.42105,                0.40191,                0.33433,                0.53132,                0.41735,                0.39645,                0.31373,                0.71243,                 1.6654,                 1.4529,                 1.0399,              0.0020305,              0.0020305,              0.0020305
                    163,                0.43818,                0.76421,                0.42524,                0.85493,                0.53597,                0.41912,                0.40152,                0.33427,                0.53194,                0.41601,                0.39629,                 0.3137,                0.71236,                 1.6658,                 1.4528,                 1.0402,               0.001981,               0.001981,               0.001981
                    164,                0.43447,                0.76909,                 0.4229,                 0.8543,                0.53762,                0.41972,                0.40202,                0.33437,                 0.5328,                0.41659,                0.39635,                0.31394,                0.71212,                 1.6648,                 1.4546,                   1.04,              0.0019315,              0.0019315,              0.0019315
                    165,                0.43371,                0.76166,                0.41754,                0.85465,                0.53892,                0.41784,                0.40168,                0.33419,                0.53286,                0.41621,                0.39633,                 0.3137,                0.71204,                 1.6618,                 1.4559,                 1.0398,               0.001882,               0.001882,               0.001882
                    166,                0.43198,                0.75533,                  0.412,                0.85249,                0.54095,                0.41667,                0.40158,                0.33419,                0.53714,                0.41337,                0.39629,                0.31373,                0.71165,                  1.662,                 1.4564,                 1.0395,              0.0018325,              0.0018325,              0.0018325
                    167,                0.43087,                0.75172,                0.41102,                0.85136,                0.53997,                0.41794,                0.40157,                0.33404,                0.53563,                0.41508,                0.39649,                 0.3138,                0.71168,                 1.6612,                 1.4572,                 1.0394,               0.001783,               0.001783,               0.001783
                    168,                0.42894,                0.74801,                0.40645,                0.84944,                0.53976,                0.41797,                0.40157,                0.33397,                0.53536,                0.41458,                0.39624,                0.31349,                0.71184,                 1.6608,                 1.4575,                 1.0396,              0.0017335,              0.0017335,              0.0017335
                    169,                0.42879,                0.75079,                0.40505,                0.85062,                0.53891,                0.41819,                0.40123,                0.33399,                0.53536,                0.41491,                0.39615,                0.31345,                0.71141,                 1.6598,                 1.4582,                 1.0392,               0.001684,               0.001684,               0.001684
                    170,                0.42386,                0.74681,                0.40883,                0.85016,                0.53929,                0.41753,                0.40079,                0.33359,                0.53544,                0.41449,                 0.3958,                0.31309,                0.71106,                   1.66,                 1.4582,                 1.0392,              0.0016345,              0.0016345,              0.0016345
                    171,                 0.4192,                0.74221,                 0.3971,                0.84627,                0.53909,                0.41765,                0.40072,                0.33356,                0.53527,                0.41461,                0.39585,                  0.313,                0.71132,                  1.661,                 1.4587,                 1.0396,               0.001585,               0.001585,               0.001585
                    172,                0.42196,                0.73486,                0.39575,                 0.8493,                0.54628,                0.41449,                0.40052,                0.33328,                0.54424,                0.41001,                0.39528,                0.31333,                0.71167,                  1.661,                 1.4596,                 1.0398,              0.0015355,              0.0015355,              0.0015355
                    173,                0.41877,                0.73646,                 0.3942,                0.84987,                0.54721,                0.41375,                0.40062,                0.33363,                0.54332,                0.41075,                0.39563,                0.31268,                 0.7116,                 1.6594,                 1.4607,                 1.0394,               0.001486,               0.001486,               0.001486
                    174,                0.41542,                0.73659,                0.39359,                0.84818,                0.54828,                0.41318,                0.40064,                0.33373,                0.54884,                0.40992,                0.39622,                0.31281,                0.71137,                 1.6587,                 1.4618,                 1.0393,              0.0014365,              0.0014365,              0.0014365
                    175,                0.41528,                0.73278,                0.39116,                0.84632,                 0.5522,                0.41205,                0.40041,                0.33381,                0.55161,                0.40894,                0.39619,                0.31275,                0.71114,                 1.6578,                 1.4627,                  1.039,               0.001387,               0.001387,               0.001387
                    176,                0.41419,                0.73068,                0.38715,                0.84647,                0.55263,                0.41046,                0.40035,                0.33362,                 0.5502,                0.40825,                0.39571,                0.31283,                0.71148,                 1.6591,                 1.4639,                  1.039,              0.0013375,              0.0013375,              0.0013375
                    177,                0.41117,                0.72799,                0.38537,                0.84373,                0.55695,                0.41023,                 0.4005,                0.33347,                0.55472,                0.40797,                0.39567,                0.31268,                0.71155,                 1.6589,                 1.4645,                 1.0391,               0.001288,               0.001288,               0.001288
                    178,                0.41217,                0.72483,                0.38495,                0.84613,                0.55419,                0.41051,                 0.4005,                0.33372,                0.55453,                0.40799,                0.39565,                0.31273,                0.71124,                 1.6597,                  1.466,                 1.0391,              0.0012385,              0.0012385,              0.0012385
                    179,                0.40752,                0.72222,                0.37733,                0.84362,                0.55275,                0.41026,                0.40026,                0.33345,                0.55236,                0.40791,                0.39546,                0.31252,                0.71102,                 1.6589,                 1.4667,                 1.0386,               0.001189,               0.001189,               0.001189
                    180,                0.40842,                0.71582,                0.37796,                0.84496,                0.55518,                0.40968,                0.39974,                0.33293,                0.55292,                0.40748,                0.39499,                0.31224,                0.71082,                  1.659,                 1.4668,                 1.0388,              0.0011395,              0.0011395,              0.0011395
                    181,                0.40347,                0.71724,                 0.3726,                0.84344,                0.55495,                0.41108,                0.39982,                0.33304,                0.55385,                0.40752,                0.39501,                0.31229,                0.71089,                 1.6592,                 1.4686,                 1.0387,                0.00109,                0.00109,                0.00109
                    182,                0.40464,                0.71653,                0.37645,                0.84317,                0.55681,                0.41058,                0.39987,                  0.333,                0.55405,                0.40765,                0.39501,                0.31225,                0.71151,                 1.6588,                 1.4701,                 1.0393,              0.0010405,              0.0010405,              0.0010405
                    183,                0.40403,                0.71563,                0.37184,                0.84369,                0.55779,                0.40978,                0.39991,                0.33299,                0.55582,                0.40698,                0.39495,                0.31214,                0.71144,                 1.6606,                 1.4706,                 1.0391,               0.000991,               0.000991,               0.000991
                    184,                0.40275,                0.70963,                0.36997,                0.84337,                0.55724,                0.41032,                0.39971,                0.33291,                0.55397,                 0.4073,                 0.3947,                0.31211,                 0.7117,                 1.6612,                 1.4721,                 1.0392,              0.0009415,              0.0009415,              0.0009415
                    185,                0.39945,                0.70979,                0.36817,                0.84261,                 0.5577,                0.41021,                0.39961,                0.33298,                0.55378,                0.40727,                0.39462,                0.31191,                0.71168,                 1.6602,                 1.4732,                 1.0392,               0.000892,               0.000892,               0.000892
                    186,                0.39498,                 0.7026,                0.36751,                0.84228,                0.55494,                0.41121,                0.39959,                0.33284,                 0.5513,                0.40805,                0.39454,                0.31194,                0.71148,                 1.6601,                 1.4744,                  1.039,              0.0008425,              0.0008425,              0.0008425
                    187,                0.39612,                0.70742,                0.36226,                0.84001,                0.55603,                0.41088,                0.39933,                0.33272,                0.55259,                0.40776,                0.39425,                0.31164,                0.71172,                 1.6612,                 1.4765,                 1.0393,               0.000793,               0.000793,               0.000793
                    188,                0.39479,                0.70411,                 0.3615,                0.84112,                0.55363,                0.41102,                0.39923,                0.33268,                0.55117,                0.40767,                0.39401,                0.31153,                0.71123,                 1.6617,                 1.4762,                 1.0388,              0.0007435,              0.0007435,              0.0007435
                    189,                0.39342,                0.69618,                0.35756,                0.84094,                0.54876,                0.41235,                0.39921,                 0.3326,                0.54652,                0.40892,                0.39405,                0.31151,                0.71109,                  1.656,                 1.4777,                 1.0386,               0.000694,               0.000694,               0.000694
                    190,                0.39259,                0.69672,                0.35488,                0.83927,                 0.5436,                0.41334,                0.39907,                0.33266,                0.54202,                0.40961,                0.39377,                0.31151,                0.71119,                 1.6565,                 1.4784,                 1.0386,              0.0006445,              0.0006445,              0.0006445
                    191,                0.38626,                0.69448,                 0.2777,                0.82324,                 0.5355,                0.41883,                0.39908,                0.33259,                0.52995,                0.41656,                0.39383,                0.31153,                0.71151,                 1.6578,                 1.4805,                  1.039,               0.000595,               0.000595,               0.000595
                    192,                0.37881,                0.68517,                0.26933,                0.82016,                0.53268,                0.41828,                0.39888,                0.33247,                0.52873,                0.41505,                 0.3936,                0.31134,                0.71148,                 1.6583,                 1.4821,                 1.0389,              0.0005455,              0.0005455,              0.0005455
                    193,                0.37618,                 0.6766,                0.26583,                0.81915,                0.53289,                0.41847,                0.39887,                0.33249,                0.52892,                0.41522,                0.39354,                0.31135,                0.71171,                 1.6599,                 1.4833,                 1.0389,               0.000496,               0.000496,               0.000496
                    194,                 0.3759,                0.67235,                0.26288,                0.81849,                  0.533,                0.41931,                0.39876,                0.33227,                0.52898,                0.41602,                 0.3935,                 0.3112,                0.71224,                 1.6616,                 1.4843,                 1.0393,              0.0004465,              0.0004465,              0.0004465
                    195,                0.37452,                0.67447,                0.26193,                0.81734,                0.53213,                0.41908,                0.39867,                0.33199,                 0.5281,                0.41578,                 0.3934,                0.31107,                0.71242,                 1.6587,                 1.4849,                 1.0396,               0.000397,               0.000397,               0.000397
                    196,                0.37055,                0.66728,                0.25875,                0.81785,                0.53056,                0.41893,                0.39872,                0.33212,                0.52654,                0.41564,                0.39351,                0.31116,                 0.7124,                 1.6594,                 1.4855,                 1.0395,              0.0003475,              0.0003475,              0.0003475
                    197,                0.36885,                0.67075,                0.25762,                0.81702,                0.53082,                0.41927,                0.39866,                0.33198,                0.52678,                0.41598,                0.39343,                0.31116,                0.71243,                 1.6644,                 1.4869,                 1.0395,               0.000298,               0.000298,               0.000298
                    198,                0.36661,                0.66206,                0.25475,                0.81609,                0.53003,                0.41991,                0.39857,                0.33187,                0.52588,                0.41651,                0.39329,                0.31111,                0.71258,                 1.6654,                 1.4882,                 1.0397,              0.0002485,              0.0002485,              0.0002485
                    199,                0.36686,                0.66507,                0.25335,                0.81688,                 0.5291,                0.42033,                0.39827,                0.33174,                0.52489,                0.41689,                0.39305,                0.31069,                 0.7123,                  1.665,                 1.4891,                 1.0396,               0.000199,               0.000199,               0.000199
                    200,                0.36637,                0.65803,                0.25276,                0.81682,                 0.5305,                0.41957,                0.39775,                0.33155,                0.52629,                0.41614,                0.39257,                0.31056,                0.71232,                 1.6651,                 1.4904,                 1.0396,              0.0001495,              0.0001495,              0.0001495
